num_points,area,perimeter,aspect_ratio,is_convex,compactness,bounding_box_area,centroid_x,centroid_y,acute_angle_count,obtuse_angle_count,shape_type
0.1212121212121212,0.122518923299835,0.2470521673242304,0.0460029280953499,1.0,0.87299096048225,0.0757723843608158,0.1851193845272023,0.1955004462588731,0.0,0.1944444444444444,Complex polygon
0.2727272727272727,0.0896615756876065,0.2267541309321799,0.0260233390085251,0.0,0.7268369627769242,0.0653536815112036,0.1233973959633139,0.149247025708468,0.1428571428571428,0.3055555555555555,Complex polygon
0.1515151515151515,0.081308012735345,0.2180392801331201,0.0904020149549606,0.0,0.7026017994749886,0.0558821334661016,0.1780705179942502,0.2322277857028474,0.0,0.2222222222222222,Complex polygon
0.1818181818181818,0.1581607918961505,0.280154060942835,0.0460029280953499,1.0,0.9068987758158666,0.0937683256465094,0.1480136789353567,0.1736647481604327,0.0,0.25,Complex polygon
0.2121212121212121,0.105811797395312,0.2685579512473267,0.0626525856677039,0.0,0.6249454346188364,0.0748252295563055,0.1625633830681723,0.2090498870745792,0.1428571428571428,0.25,Complex polygon
0.1515151515151515,0.056804228075378,0.2555250965483602,0.0555170181366951,0.0,0.3241914588730517,0.0520935142480608,0.1622127483135716,0.2309718672978437,0.7142857142857142,0.0833333333333333,Complex polygon
0.2424242424242424,0.0799714426629831,0.2283972377804146,0.1392410105005325,0.0,0.6284793749870516,0.0558821334661016,0.1942036294586175,0.2658304214615464,0.2857142857142857,0.25,Complex polygon
0.1818181818181818,0.0818649169321624,0.2041891074063235,0.0160335444651126,1.0,0.8041812860994786,0.0511463594435506,0.1748477718506235,0.1927667251997261,0.0,0.25,Complex polygon
0.1515151515151515,0.0445523357453945,0.1448305849387191,0.0726423802111164,0.0,0.7754823632282439,0.0322032633533467,0.0785374293385205,0.0712590819183492,0.1428571428571428,0.1944444444444444,Complex polygon
0.2121212121212121,0.1258603484807395,0.2535891541867547,0.062652585667704,1.0,0.8548394200903172,0.0748252295563055,0.1546196426941732,0.2156124542314752,0.0,0.25,Complex polygon
0.2727272727272727,0.0423247189581248,0.2040803675894391,0.0460029280953499,0.0,0.3707295917883011,0.0331504181578569,0.0862358892122099,0.2476366715685175,0.0,0.0,Cross shape
0.2727272727272727,0.0779665875544405,0.3673446616609902,0.0238033846655446,0.0,0.1984890148373213,0.0899797064284687,0.2291810369440366,0.3586919339151073,0.0,0.0,Cross shape
0.2727272727272727,0.0690561204053614,0.3265285881431024,0.0127036129506419,0.0,0.2293705324219661,0.067247991120224,0.193619344105946,0.2842521232390756,0.0,0.0,Cross shape
0.6363636363636364,0.1715264926197691,0.3772483017848819,0.0460029280953499,0.0,0.5362510378885476,0.1354431370449582,0.1904607504471196,0.3376705511121707,0.0,0.6666666666666666,Cross shape
0.2727272727272727,0.1046979890016771,0.2857125146252146,0.0460029280953499,0.0,0.5419915290975132,0.0596707526841424,0.1649135654483735,0.2154708473916171,0.0,0.0,Cross shape
0.2727272727272727,0.0868770547035194,0.2233511034391401,0.0460029280953501,0.0,0.7224757018429642,0.0596707526841425,0.2140757337631359,0.2130647587102855,0.0,0.3333333333333333,Cross shape
0.2727272727272727,0.1492503247470716,0.3673446616609903,0.0500564452067954,0.0,0.4803372316661967,0.1185157152989709,0.2407785558836289,0.3133035558834726,1.0,0.0833333333333333,Cross shape
0.2727272727272727,0.0690561204053615,0.3265285881431023,0.0326832020374667,0.0,0.2293705324219666,0.0748252295563055,0.1193930091027832,0.1865764330285041,0.0,0.0,Cross shape
0.3939393939393939,0.0512351861072038,0.237893510017292,0.0460029280953499,0.0,0.3347614172781751,0.0596707526841424,0.128069750674777,0.2163757974676001,0.0,0.25,Cross shape
0.2727272727272727,0.0467799525326642,0.224488404348383,0.0364888380540048,0.0,0.3400385260997519,0.0388333469849181,0.2073311724669793,0.2251244749870878,0.0,0.0,Cross shape
1.0,0.1771464412722604,0.4082854533135175,0.2537209879429326,0.0,0.4672212109107463,0.0963887024345511,0.3263847005061593,0.2196519487522423,0.0,0.9444444444444444,Ellipse
1.0,0.0657287397087224,0.1667111442782688,0.0220826762434515,0.0,0.9207727330274876,0.0359288031012051,1.0,0.93714538057638,0.0,0.9444444444444444,Ellipse
1.0,0.137854490741049,0.2814243542917715,0.1281734107527278,1.0,0.7700171069921669,0.0750672486584371,0.3013975344951345,0.2346645067564906,0.0,1.0,Ellipse
1.0,0.1671343969325467,0.4732496583541677,0.3841000382772442,0.0,0.3035589784067546,0.0909557489235249,0.2914332873473149,0.2071414773016137,0.0,0.9444444444444444,Ellipse
1.0,0.2206246665190754,0.3256248421229221,0.0646062793625157,1.0,0.9746017762849222,0.1199818037526202,0.4416104470117214,0.2922126754293798,0.0,1.0,Ellipse
1.0,0.2206246665190754,0.3256248421229221,0.0646062793625157,1.0,0.9746017762849222,0.1199818037526202,0.4416104470117214,0.2922126754293798,0.0,1.0,Ellipse
1.0,0.0677269130973317,0.3753260102244527,0.648038300181609,0.0,0.1474944356327247,0.0370130954553876,0.3082216582793909,0.1770318631766586,0.0,0.9444444444444444,Ellipse
1.0,0.1369871009303995,0.2481984521293376,0.0625687601812777,1.0,0.9792346991603188,0.0745965667120434,0.2660683535846249,0.2696362904245385,0.0,1.0,Ellipse
1.0,0.026472232502255,0.1388245372146742,0.2537209879429326,0.0,0.4672212109107463,0.0146265823537396,0.2505395985870863,0.1820375062200016,0.0,0.9444444444444444,Ellipse
1.0,0.5480668729692701,0.6712030071783462,0.1897955949975047,1.0,0.5963984711930151,0.2976656238427131,0.2942595784534069,0.3021729856792835,0.0,1.0,Ellipse
0.0909090909090909,0.142456093545899,0.2652999880487953,0.0563080279322804,1.0,0.8984419196814495,0.0810764512660729,0.3911013938896679,0.2833089839411919,0.0,0.1666666666666666,Hexagon
0.0909090909090909,0.1703569938064525,0.2959142880959489,0.0438753823068206,1.0,0.8840030562188597,0.0968939365013932,0.3529250813280951,0.3074415896329308,0.0,0.1666666666666666,Hexagon
0.0909090909090909,0.1581607918961507,0.3104287400034036,0.1348011018145714,1.0,0.7377383064536469,0.0786138487743464,0.3784342776366844,0.2373141917372527,0.0,0.1666666666666666,Hexagon
0.1515151515151515,0.2784520984087158,0.3772483017848816,0.0460029280953499,1.0,0.9392302791092932,0.1354431370449581,0.4363876399369585,0.3237470754040198,0.0,0.2222222222222222,Hexagon
0.0909090909090909,0.0339433107960224,0.1122419572654535,0.0563080279322804,1.0,0.8984419196814504,0.0195587467131355,0.379709447802348,0.214230137656933,0.0,0.1666666666666666,Hexagon
0.0909090909090909,0.2316721458760518,0.3922331697745899,0.1506579185501467,1.0,0.7029758337772265,0.1183943505637747,0.3818468676510199,0.2534508873718087,0.0,0.1666666666666666,Hexagon
0.0909090909090909,0.0868770547035193,0.2123073418453899,0.1126015583847663,1.0,0.7974680583647157,0.0464105854209996,0.2981648974000201,0.2297809811080534,0.0,0.1666666666666666,Hexagon
0.1515151515151515,0.1848921933433873,0.3104287400034036,0.0238033846655446,1.0,0.880459729045115,0.0899797064284687,0.429105377818695,0.3162138647748207,0.0,0.2222222222222222,Hexagon
0.0909090909090909,0.1581607918961506,0.2857125146252147,0.079302243240058,1.0,0.8722824081938519,0.0899797064284687,0.2863502369012388,0.2582180547940592,0.0,0.1666666666666666,Hexagon
0.0909090909090909,0.049858518932671,0.142853563422122,0.0563080279322804,1.0,0.8984419196814497,0.0285813433808997,0.2625463392774333,0.2239643246456502,0.0,0.1666666666666666,Hexagon
0.1515151515151515,0.1553094424084452,0.2715972241967778,0.0460029280953499,1.0,0.944600032488922,0.0937683256465095,0.3711133530996731,0.2914283134002198,0.0,0.2222222222222222,Octagon
0.1515151515151515,0.1926888520988313,0.3075709059010867,0.04600292809535,1.0,0.9392302791092936,0.0937683256465095,0.2475157819490085,0.2920901608380662,0.0,0.2222222222222222,Octagon
0.1515151515151515,0.0371566480116591,0.115390575339445,0.0460029280953499,1.0,0.9446000324889228,0.0227317153082447,0.3020703960339149,0.2208736105861926,0.0,0.2222222222222222,Octagon
0.1515151515151515,0.3521639378994714,0.4277596892204072,0.04600292809535,1.0,0.944600058186618,0.2121626762102845,0.2908027585480874,0.3719625963159416,0.0,0.2222222222222222,Octagon
0.1515151515151515,0.2650863976850974,0.401157804088843,0.1126015583847661,1.0,0.7828061373394083,0.120288660172795,0.2673646932922845,0.2605328946975527,0.0,0.2222222222222222,Octagon
0.1515151515151515,0.3007282662814135,0.4011578040888434,0.04600292809535,1.0,0.9029923195306848,0.1354431370449584,0.2525360007302001,0.3255603148895191,0.0,0.2222222222222222,Octagon
0.1515151515151515,0.0913322882780588,0.2164384802785335,0.0992818323268828,1.0,0.8126267978252538,0.0416748113984487,0.2931983001858563,0.2245948761685834,0.0,0.2222222222222222,Octagon
0.1515151515151515,0.0846494379162497,0.1960304435195896,0.0571026998102526,1.0,0.9015464480874632,0.0388333469849181,0.2433878966896207,0.2350914215016312,0.0,0.2222222222222222,Octagon
0.1515151515151515,0.2472654633869398,0.3533387994809205,0.0460029280953499,1.0,0.939230279109293,0.1354431370449583,0.2596236820739028,0.3280958095084074,0.0,0.2222222222222222,Octagon
0.1212121212121212,0.1369984324170883,0.3075709059010869,0.1792001886741821,1.0,0.6369958481937341,0.0700894555337546,0.2581339982496067,0.2299652572799104,0.0,0.1388888888888889,Octagon
1.0,0.1718421012550729,0.2793458947966201,0.0460029280953499,1.0,0.9999999999999996,0.0937683256465096,0.2287160807060713,0.1915950869419259,0.0,1.0,Overlapping circles
1.0,0.0412898127233159,0.1192649106393661,0.0460029280953499,1.0,0.9999999999999996,0.0227317153082447,0.1075536534960352,0.126133685359282,0.0,1.0,Overlapping circles
1.0,0.1091770027598295,0.2153135011337185,0.0460029280953499,1.0,0.9999999999999992,0.0596707526841424,0.1809751696291266,0.2237259216374061,0.0,1.0,Overlapping circles
1.0,0.0830665450534782,0.1832973043022678,0.0460029280953499,1.0,0.9999999999999996,0.0454634306164895,0.1527924549855593,0.3336095062596599,0.0,1.0,Overlapping circles
1.0,0.1718421012550728,0.2793458947966201,0.0460029280953499,1.0,0.9999999999999992,0.0937683256465095,0.1831572416440383,0.3732802027402779,0.0,1.0,Overlapping circles
1.0,0.025623538099505,0.0872487138079154,0.0460029280953499,1.0,0.9999999999999978,0.0142073220676529,0.1433740398071207,0.2461295883213097,0.0,1.0,Overlapping circles
1.0,0.0412898127233159,0.1192649106393661,0.0460029280953499,1.0,0.9999999999999992,0.0227317153082447,0.186922369233182,0.113432829687657,0.0,1.0,Overlapping circles
1.0,0.1091770027598295,0.2153135011337186,0.0460029280953499,1.0,0.9999999999999992,0.0596707526841424,0.1210053510019796,0.1441301210298048,0.0,1.0,Overlapping circles
1.0,0.0604374817079736,0.151281107470817,0.0460029280953499,1.0,0.9999999999999996,0.0331504181578569,0.1507790955196359,0.1534609564343926,0.0,1.0,Overlapping circles
1.0,0.1718421012550729,0.2793458947966201,0.0460029280953499,1.0,0.9999999999999998,0.0937683256465096,0.1941571644369958,0.1967540505862689,0.0,1.0,Overlapping circles
0.0606060606060606,0.0048742487198524,0.0254459575845762,0.1106694281991602,,0.850230112008827,0.0078647502369234,7.189605354357311e-17,9.583780886111315e-17,0.0,0.1388888888888889,Pentagon
0.0606060606060606,0.0352534816075274,0.1399527667151693,0.1106694281991602,,0.8502301120088269,0.042169197679618,7.331817328399543e-17,9.583780886111315e-17,0.0,0.1388888888888889,Pentagon
0.0606060606060606,0.0073185548142631,0.0381689363768643,0.1106694281991602,,0.8502301120088269,0.0106248781920827,7.900665224568474e-17,8.851262601822552e-17,0.0,0.1388888888888889,Pentagon
0.0606060606060606,0.0099956519652842,0.0508919151691524,0.1106694281991602,,0.8502301120088267,0.0136478754763049,7.758453250526241e-17,9.583780886111315e-17,0.0,0.1388888888888889,Pentagon
0.0606060606060606,0.0129055401729159,0.0636148939614406,0.1106694281991602,,0.850230112008827,0.0169337420895898,7.474029302441776e-17,8.118744317533789e-17,0.0,0.1388888888888889,Pentagon
0.0606060606060606,0.0160482194371582,0.0763378727537287,0.1106694281991602,,0.8502301120088268,0.0204824780319375,7.616241276484009e-17,9.583780886111315e-17,0.0,0.1388888888888889,Pentagon
0.0606060606060606,0.0194236897580109,0.0890608515460168,0.1106694281991602,,0.8502301120088269,0.024294083303348,7.758453250526241e-17,9.583780886111315e-17,0.0,0.1388888888888889,Pentagon
0.0606060606060606,0.0230319511354742,0.1017838303383049,0.1106694281991602,,0.8502301120088269,0.0283685579038213,6.762969432230613e-17,9.583780886111315e-17,0.0,0.1388888888888889,Pentagon
0.0606060606060606,0.0268730035695481,0.1145068091305931,0.1106694281991602,,0.8502301120088269,0.0327059018333574,7.047393380315078e-17,1.0316299170400078e-16,0.0,0.1388888888888889,Pentagon
0.0606060606060606,0.0309468470602325,0.1272297879228812,0.1106694281991602,,0.850230112008827,0.0373061150919563,7.047393380315078e-17,8.851262601822552e-17,0.0,0.1388888888888889,Pentagon
0.0303030303030303,0.1314293904489138,0.2857125146252146,0.0904020149549606,1.0,0.707136968645683,0.0558821334661016,0.1465331393385893,0.1156512133204817,0.0,0.0,Recatngle with inner cutout
0.0303030303030303,0.2116235947906242,0.3673446616609903,0.0793022432400579,1.0,0.7269544213914632,0.0899797064284688,0.1758771709560162,0.2210892429245766,0.0,0.0,Recatngle with inner cutout
0.0303030303030303,0.2116235947906241,0.3673446616609902,0.0538191117817044,1.0,0.7269544213914635,0.174431281125988,0.1808211849380415,0.2056302086283174,0.2857142857142857,0.0555555555555555,Recatngle with inner cutout
0.0303030303030303,0.3319149013031894,0.4693848454557098,0.079302243240058,1.0,0.7269544213914629,0.1411260658720194,0.1726029212641614,0.2267048745305782,0.0,0.0,Recatngle with inner cutout
0.0303030303030303,0.0868770547035193,0.2244884043483829,0.0859621062689996,1.0,0.7152802348955928,0.0369390373758977,0.1370566196178217,0.136028008038071,0.0,0.0,Recatngle with inner cutout
0.0303030303030303,0.532400412157465,0.612241102768317,0.0904020149549607,1.0,0.707136968645683,0.2263699982779372,0.2034434577368497,0.2092422321290436,0.0,0.0,Recatngle with inner cutout
0.0303030303030303,0.2116235947906239,0.4081607351788781,0.157000645244377,1.0,0.5802070027119655,0.0899797064284687,0.229799648766036,0.245802044838146,0.0,0.0,Recatngle with inner cutout
0.0303030303030303,0.1046979890016772,0.2857125146252147,0.1792001886741821,1.0,0.5419915290975137,0.0445162758119793,0.1536216972246581,0.1837950100390994,0.0,0.0,Recatngle with inner cutout
0.0303030303030303,0.1314293904489137,0.2857125146252146,0.0904020149549607,1.0,0.7071369686456821,0.0558821334661016,0.1870681706017382,0.2472473753986446,0.0,0.0,Recatngle with inner cutout
0.0303030303030303,0.3319149013031895,0.4693848454557098,0.079302243240058,1.0,0.7269544213914632,0.1411260658720194,0.2059861318611991,0.1862591240048096,0.0,0.0,Recatngle with inner cutout
0.2121212121212121,0.0698798930932939,0.3136028779765517,0.0494267382760662,0.0,0.2595334748677772,0.0805251598121077,0.1272860839707982,0.1260712424370789,0.7142857142857142,0.1388888888888889,Star
0.2121212121212121,0.0707268329958137,0.3288578033588992,0.0375972757287246,0.0,0.2330524177413507,0.086854095573585,0.1929516482103845,0.2432171755117868,0.7142857142857142,0.1388888888888889,Star
0.2121212121212121,0.0731772114618105,0.3397246705508946,0.053402775905285,0.0,0.2244018629962482,0.0842967776014076,0.2259453044284785,0.2344140500409336,0.7142857142857142,0.1388888888888889,Star
0.2121212121212121,0.0495644735167514,0.3757466891385667,0.0495081191632139,0.0,0.078012629241546,0.0890325516239585,0.2242983535793087,0.1885516925202805,1.0,0.0833333333333333,Star
0.2121212121212121,0.0673854078149092,0.2667829663360535,0.0745451982193853,0.0,0.3660370215037769,0.0653536815112036,0.2106349366154767,0.2403925656087936,0.5714285714285714,0.1388888888888889,Star
0.2121212121212121,0.073956877337355,0.332377497853596,0.0488985207166289,0.0,0.2417274391097375,0.0827055575298304,0.18706603413903,0.2067496876435554,0.7142857142857142,0.1388888888888889,Star
0.2121212121212121,0.0480274179335353,0.2501110357208916,0.055517018136695,0.0,0.2725193674193589,0.0520935142480608,0.2140507919222332,0.2253744201966087,0.7142857142857142,0.1388888888888889,Star
0.2121212121212121,0.05591318136047,0.2779596944208187,0.1126015583847662,0.0,0.2582850631649348,0.0563557108683567,0.2159068095651935,0.2452547504122021,0.7142857142857142,0.1388888888888889,Star
0.2121212121212121,0.0374239620261314,0.1830734648367641,0.0726423802111163,0.0,0.4024606834358364,0.0322032633533467,0.2066657664057559,0.2591032612984504,0.5714285714285714,0.1666666666666666,Star
0.2121212121212121,0.0726648596007385,0.3065391251331543,0.0546215743680979,0.0,0.2902728201062065,0.0763406772435218,0.1112684379090364,0.2108970057480243,0.7142857142857142,0.1388888888888889,Star
0.0303030303030303,0.0423247189581247,0.1453686014454451,0.0793022432400581,1.0,0.7279934546483654,0.0217845605037345,0.3810818638123848,0.2123747066577397,0.2857142857142857,0.0555555555555555,Trapezium
0.0303030303030303,0.0601456532562826,0.204080367589439,0.1459008735294741,1.0,0.5664575201416867,0.0369390373758977,0.097906469184358,0.1016376223832455,0.2857142857142857,0.0555555555555555,Trapezium
0.0303030303030303,0.0089104671490789,0.0522762639637788,0.0793022432400583,1.0,0.7279934546483667,0.004735774022551,0.3027257619028538,0.3598453268881239,0.2857142857142857,0.0555555555555555,Trapezium
0.0303030303030303,0.0601456532562826,0.2040803675894389,0.145900873529474,1.0,0.5664575201416868,0.0369390373758976,0.2266384401794452,0.2056822619531755,0.2857142857142857,0.0555555555555555,Trapezium
0.0303030303030303,0.0601456532562825,0.2040803675894389,0.1459008735294742,1.0,0.5664575201416863,0.0369390373758976,0.2609819649996298,0.2098355509790067,0.2857142857142857,0.0555555555555555,Trapezium
0.0303030303030303,0.0144795091172532,0.135061080914348,0.5121933401212624,1.0,0.2371804581903273,0.0066300836315713,0.1415983102124675,0.1698398315096664,0.2857142857142857,0.0555555555555555,Trapezium
0.0303030303030303,0.0690561204053615,0.2053509260052448,0.0210284417368189,1.0,0.6562605503062634,0.0369390373758976,0.1278070565172507,0.157449201814667,0.2857142857142857,0.0555555555555555,Trapezium
0.0303030303030303,0.0512351861072037,0.1747244845174422,0.1126015583847661,1.0,0.6394303498105923,0.0293617989398161,0.1005602859681871,0.100611423781181,0.2857142857142857,0.0555555555555555,Trapezium
0.0303030303030303,0.0534628028944734,0.1652850879448054,0.059322654153233,1.0,0.7449983505877942,0.0274674893307957,0.1066886971252453,0.1538167901263696,0.2857142857142857,0.0555555555555555,Trapezium
0.0303030303030303,0.0579180364690129,0.1764600587125335,0.0726423802111164,1.0,0.7206136467056704,0.0322032633533467,0.1411925571945492,0.1220830670736566,0.2857142857142857,0.0555555555555555,Trapezium
0.2727272727272727,0.1570469835025157,0.3494125349330191,0.0793022432400579,0.0,0.5703722828187339,0.0899797064284687,0.1835271282226994,0.2159431001931598,0.0,0.3333333333333333,Two joined rectangles with fillets
0.2727272727272727,0.056804228075378,0.1861482408614679,0.0460029280953499,0.0,0.63625597833369,0.0331504181578568,0.1411132694644375,0.2449105402837627,0.0,0.3333333333333333,Two joined rectangles with fillets
0.3333333333333333,0.1570469835025157,0.3494125349330191,0.079302243240058,0.0,0.5703722828187342,0.0899797064284687,0.1874774703835028,0.1449547315861947,0.0,0.3333333333333333,Two joined rectangles with fillets
0.2727272727272727,0.0568042280753781,0.186148240861468,0.0460029280953499,0.0,0.6362559783336907,0.0331504181578569,0.1490139965998294,0.2449918953295788,0.0,0.3333333333333333,Two joined rectangles with fillets
0.3939393939393939,0.1392260492043579,0.3434351593570289,0.0238033846655445,0.0,0.5124701969156876,0.0899797064284687,0.1415190224823529,0.1591053221596738,0.0,0.4444444444444444,Two joined rectangles with fillets
0.2727272727272727,0.1570469835025155,0.3085964614151313,0.062652585667704,0.0,0.7407335706710165,0.0748252295563055,0.184408629028192,0.2128644731404338,0.0,0.3333333333333333,Two joined rectangles with fillets
0.2727272727272727,0.0768527791608054,0.2677803878972435,0.0016038412357392,0.0,0.4283932756637033,0.0445162758119792,0.1540044578401367,0.267649838346526,0.0,0.3333333333333333,Two joined rectangles with fillets
0.2727272727272727,0.1080394141825817,0.2473723511382996,0.0376780993091728,0.0,0.7559502038017647,0.0520935142480608,0.121925801510992,0.2062601684810202,0.0,0.3333333333333333,Two joined rectangles with fillets
0.2727272727272727,0.0857632463098845,0.2473723511382997,0.0127036129506419,0.0,0.579275368873092,0.0464105854209996,0.1105566895806032,0.1884690703559287,0.0,0.3333333333333333,Two joined rectangles with fillets
0.2727272727272727,0.1124946477571212,0.3085964614151313,0.0626525856677039,0.0,0.5003632770301276,0.0748252295563056,0.1278987205900476,0.2159431001931598,0.0,0.3333333333333333,Two joined rectangles with fillets
0.1515151515151515,0.0066828503618091,0.160032053964127,0.0238033846655446,0.0,0.0269061472941566,0.0217845605037345,0.0559343844494443,0.1111063106437526,0.5714285714285714,0.1111111111111111,Y shaped profile
0.1515151515151515,0.0033414251809046,0.135061080914348,0.0127036129506419,0.0,0.0,0.0161016316766733,0.0788375074137162,0.1483665261018283,0.5714285714285714,0.1111111111111111,Y shaped profile
0.2121212121212121,0.0161502217077055,0.1478239099934148,0.0127036129506419,0.0,0.22159402608281,0.0161016316766733,0.0441673384274583,0.080073295839477,0.4285714285714285,0.1111111111111111,Y shaped profile
0.1515151515151515,0.0100242755427137,0.1900260536357984,0.0460029280953499,0.0,0.0328566452687053,0.0331504181578569,0.0557652125778405,0.1319130445637773,0.5714285714285714,0.1111111111111111,Y shaped profile
0.1515151515151515,0.0133657007236183,0.2224372933202937,0.0682024715251553,0.0,0.0296199157704268,0.0445162758119792,0.0956017322134832,0.1272061258729137,0.4285714285714285,0.1111111111111111,Y shaped profile
0.1515151515151515,0.0061259461649917,0.143576707676892,0.0127036129506419,0.0,0.0432443036709971,0.0161016316766733,0.0604240929543979,0.1051372556042202,0.5714285714285714,0.0833333333333333,Y shaped profile
0.2121212121212121,0.0183778384949752,0.1641613197443243,0.0238033846655446,0.0,0.2044507079205609,0.0217845605037345,0.0711526982053484,0.1452808024336119,0.4285714285714285,0.1111111111111111,Y shaped profile
0.1515151515151515,0.0083535629522614,0.1798127978051344,0.030634013413177,0.0,0.0245944937885903,0.0298353763420712,0.0776766826924946,0.140363806125017,0.5714285714285714,0.1111111111111111,Y shaped profile
0.2121212121212121,0.0076852779160805,0.1556360422576586,0.0127036129506419,0.0,0.0505996383702763,0.0161016316766733,0.07996211603452,0.1084244327892522,0.4285714285714285,0.1111111111111111,Y shaped profile
0.1515151515151515,0.0033414251809045,0.0945137562147774,0.0682024715251553,0.0,0.0817096550483373,0.0104187028496121,0.0871005281803176,0.1213436876414882,0.5714285714285714,0.1111111111111111,Y shaped profile
0.1515151515151515,0.0601456532562826,0.3959796726758848,0.0682024715251553,0.0,0.0967518942507481,0.0445162758119792,0.1940466966775572,0.4281279752787423,0.5714285714285714,0.0,Z shaped profile
0.2121212121212121,0.0579180364690129,0.2906643346871605,0.0460029280953499,0.0,0.2419683174786649,0.0331504181578569,0.0510279530793282,0.0664390327214889,0.2857142857142857,0.0555555555555555,Z shaped profile
0.1212121212121212,0.0245037846599669,0.1879805194497401,0.0238033846655445,0.0,0.2177740743272763,0.0217845605037345,0.1715203627782336,0.2345749673560275,0.4285714285714285,0.0555555555555555,Z shaped profile
0.1515151515151515,0.0245037846599669,0.2368465170374775,0.1126015583847663,0.0,0.1097982875154356,0.0161016316766733,0.1720227017504289,0.2872678570140717,0.5714285714285714,0.0,Z shaped profile
0.1515151515151515,0.0423247189581248,0.3195256570530673,0.0460029280953499,0.0,0.10742028126747,0.0331504181578568,0.1402041179727302,0.248266920097385,0.5714285714285714,0.0,Z shaped profile
0.1515151515151515,0.0467799525326642,0.3149772542798576,0.0364888380540047,0.0,0.1364183797661685,0.038833346984918,0.1592047687851634,0.2291702667412337,0.5714285714285714,0.0555555555555555,Z shaped profile
0.1212121212121212,0.007796658755444,0.106992003856665,0.04600292809535,0.0,0.1836442018203948,0.0075772384360815,0.1513422442172247,0.2943622775283104,0.5714285714285714,0.0277777777777777,Z shaped profile
0.1212121212121212,0.015593317510888,0.156261362981516,0.0460029280953499,0.0,0.1836442018203949,0.0142073220676529,0.1488603624837544,0.264022120914015,0.5714285714285714,0.0277777777777777,Z shaped profile
0.1212121212121212,0.0066828503618091,0.091267514960626,0.0127036129506419,0.0,0.2178361432800872,0.0066300836315713,0.1055282811325805,0.2644438036925996,0.4285714285714285,0.0555555555555555,Z shaped profile
0.1212121212121212,0.024503784659967,0.1766693997404602,0.062652585667704,0.0,0.2536715926696177,0.0179959412856937,0.0607892839356355,0.0912747705942829,0.5714285714285714,0.0277777777777777,Z shaped profile
1.0,0.014380785032587,0.0578949856527537,0.1170571393078282,,0.9999999999999986,0.0158361486486486,6.794572093128886e-17,9.283651866854112e-17,0.0,1.0,circle
1.0,0.0695720776964992,0.2016059200447065,0.1170571393078282,,0.9999999999999988,0.0709459459459459,7.426625311094365e-17,9.487129168045436e-17,0.0,1.0,circle
1.0,0.0778190524623712,0.2175738016438124,0.1170571393078282,,0.9999999999999986,0.0791807432432432,5.6884789616893e-17,9.716041131885673e-17,0.0,1.0,circle
1.0,0.0864889490111083,0.2335416832429182,0.1170571393078282,,0.999999999999999,0.0878378378378378,6.162518875163411e-17,1.1598206167905414e-16,0.0,1.0,circle
1.0,0.0955817673427107,0.2495095648420241,0.1170571393078282,,0.9999999999999988,0.0969172297297297,7.742651920077104e-17,1.2234072734128298e-16,0.0,1.0,circle
1.0,0.1050975074571784,0.26547744644113,0.1170571393078282,,0.999999999999999,0.1064189189189189,8.058678529059844e-17,1.1242120890820595e-16,0.0,1.0,circle
1.0,0.1150361693545112,0.2814453280402359,0.1170571393078282,,0.9999999999999986,0.1163429054054054,7.584638615585735e-17,1.617644544471018e-16,0.0,1.0,circle
1.0,0.1253977530347093,0.2974132096393417,0.1170571393078282,,0.999999999999999,0.1266891891891891,6.952585397620256e-17,1.0936904939033614e-16,0.0,1.0,circle
1.0,0.1361822584977725,0.3133810912384477,0.1170571393078282,,0.999999999999998,0.1374577702702702,8.216691833551213e-17,9.410825180098691e-17,0.0,1.0,circle
1.0,0.1473896857437011,0.3293489728375535,0.1170571393078282,,0.999999999999999,0.1486486486486486,8.374705138042583e-17,1.0224734384863984e-16,0.0,1.0,circle
1.0,0.1590200347724949,0.3453168544366595,0.1170571393078282,,0.999999999999998,0.1602618243243243,6.320532179654781e-17,1.1801683469096736e-16,0.0,1.0,circle
1.0,0.0188214637526719,0.0738628672518595,0.1170571393078282,,0.9999999999999988,0.0202702702702702,7.821658572322789e-17,1.0542667667975424e-16,0.0,1.0,circle
1.0,0.1710733055841539,0.361284736035765,0.1170571393078282,,0.9999999999999996,0.1722972972972972,5.6884789616893e-17,1.2717331324457692e-16,0.0,1.0,circle
1.0,0.1835494981786779,0.3772526176348709,0.1170571393078282,,0.9999999999999984,0.1847550675675675,9.796824878464908e-17,1.1598206167905414e-16,0.0,1.0,circle
1.0,0.1964486125560674,0.3932204992339771,0.1170571393078282,,0.999999999999997,0.1976351351351351,5.530465657197932e-17,1.2056030095585891e-16,0.0,1.0,circle
1.0,0.2097706487163221,0.409188380833083,0.1170571393078282,,0.9999999999999972,0.2109375,8.374705138042583e-17,1.0224734384863984e-16,0.0,1.0,circle
1.0,0.2235156066594421,0.4251562624321885,0.1170571393078282,,1.0,0.2246621621621621,5.372452352706563e-17,9.614302481290012e-17,0.0,1.0,circle
1.0,0.2376834863854271,0.4411241440312945,0.1170571393078282,,0.999999999999999,0.2388091216216216,8.848745051516691e-17,6.613012288717999e-17,0.0,1.0,circle
1.0,0.2522742878942775,0.4570920256304007,0.1170571393078282,,0.999999999999998,0.2533783783783784,5.372452352706563e-17,5.595625782761383e-17,0.0,1.0,circle
1.0,0.2672880111859931,0.4730599072295065,0.1170571393078282,,0.999999999999998,0.2683699324324324,5.6884789616893e-17,9.563433155992184e-17,0.0,1.0,circle
1.0,0.2827246562605738,0.4890277888286121,0.1170571393078282,,0.9999999999999988,0.2837837837837837,5.6884789616893e-17,8.088222722355091e-17,0.0,1.0,circle
1.0,0.2985842231180199,0.5049956704277181,0.1170571393078282,,0.9999999999999988,0.2996199324324324,6.952585397620256e-17,1.012299573426832e-16,0.0,1.0,circle
1.0,0.023685064255622,0.0898307488509654,0.1170571393078282,,0.9999999999999986,0.0251266891891891,7.742651920077104e-17,1.2513854023266367e-16,0.0,1.0,circle
1.0,0.3148667117583311,0.5209635520268241,0.1170571393078282,,0.999999999999998,0.3158783783783784,6.320532179654781e-17,5.137801855080907e-17,0.0,1.0,circle
1.0,0.3315721221815077,0.5369314336259299,0.1170571393078282,,0.9999999999999986,0.3325591216216216,3.476292698810128e-17,1.0580819661948797e-16,0.0,1.0,circle
1.0,0.3487004543875493,0.5528993152250357,0.1170571393078282,,0.9999999999999984,0.3496621621621621,7.584638615585735e-17,9.258217204205198e-17,0.0,1.0,circle
1.0,0.3662517083764564,0.5688671968241414,0.1170571393078282,,0.999999999999999,0.3671875,4.424372525758345e-17,1.4345149733988275e-16,0.0,1.0,circle
1.0,0.3842258841482283,0.5848350784232474,0.1170571393078282,,0.9999999999999984,0.3851351351351351,4.7403991347410843e-17,7.579529469376784e-17,0.0,1.0,circle
1.0,0.402622981702866,0.6008029600223533,0.1170571393078282,,0.9999999999999988,0.4035050675675676,7.584638615585735e-17,1.5616882866434042e-16,0.0,1.0,circle
1.0,0.4214430010403687,0.6167708416214592,0.1170571393078282,,0.9999999999999988,0.4222972972972973,7.900665224568474e-17,1.0936904939033614e-16,0.0,1.0,circle
1.0,0.4406859421607366,0.632738723220565,0.1170571393078282,,0.999999999999999,0.4415118243243243,8.216691833551213e-17,1.3632979179818642e-16,0.0,1.0,circle
1.0,0.4603518050639696,0.6487066048196711,0.1170571393078282,,0.9999999999999984,0.4611486486486487,7.900665224568474e-17,1.4345149733988275e-16,0.0,1.0,circle
1.0,0.4804405897500679,0.6646744864187769,0.1170571393078282,,0.9999999999999986,0.4812077702702703,7.268612006602995e-17,2.350162828759781e-16,0.0,1.0,circle
1.0,0.0289715865414374,0.1057986304500713,0.1170571393078282,,0.999999999999998,0.0304054054054054,8.058678529059844e-17,9.131043890960619e-17,0.0,1.0,circle
1.0,0.5009522962190311,0.6806423680178827,0.1170571393078282,,0.999999999999998,0.5016891891891893,7.584638615585735e-17,1.617644544471018e-16,0.0,1.0,circle
1.0,0.52188692447086,0.6966102496169884,0.1170571393078282,,0.999999999999999,0.5225929054054054,6.00450557067204e-17,1.3022547276244675e-16,0.0,1.0,circle
1.0,0.543244474505554,0.7125781312160941,0.1170571393078282,,0.9999999999999992,0.543918918918919,5.372452352706563e-17,8.749523951226891e-17,0.0,1.0,circle
1.0,0.5650249463231132,0.7285460128152004,0.1170571393078282,,0.999999999999998,0.5656672297297297,8.532718442533952e-17,9.970387758374827e-17,0.0,1.0,circle
1.0,0.5872283399235375,0.7445138944143062,0.1170571393078282,,0.999999999999998,0.5878378378378378,9.16477166049943e-17,0.0,0.0,1.0,circle
1.0,0.6098546553068275,0.7604817760134119,0.1170571393078282,,0.999999999999999,0.6104307432432433,8.848745051516691e-17,1.1598206167905414e-16,0.0,1.0,circle
1.0,0.6329038924729824,0.7764496576125182,0.1170571393078282,,0.999999999999998,0.6334459459459459,1.0428878096430383e-16,5.697364433357043e-17,0.0,1.0,circle
1.0,0.6563760514220025,0.792417539211624,0.1170571393078282,,0.999999999999998,0.6568834459459459,4.7403991347410843e-17,1.475210433637092e-16,0.0,1.0,circle
1.0,0.6802711321538877,0.8083854208107297,0.1170571393078282,,0.999999999999998,0.6807432432432433,9.480798269482167e-17,9.868649107779167e-17,0.0,1.0,circle
1.0,0.7045891346686386,0.8243533024098352,0.1170571393078282,,0.9999999999999996,0.7050253378378378,3.476292698810128e-17,1.6583400047092826e-16,0.0,1.0,circle
1.0,0.0346810306101179,0.1217665120491772,0.1170571393078282,,0.999999999999998,0.0361064189189189,7.110598702111626e-17,1.0326473035459644e-16,0.0,1.0,circle
1.0,0.7293300589662544,0.8403211840089411,0.1170571393078282,,0.9999999999999996,0.7297297297297297,1.0112851487447648e-16,6.816489589909321e-17,0.0,1.0,circle
1.0,0.7544939050467347,0.856289065608047,0.1170571393078282,,0.9999999999999984,0.754856418918919,1.169298453236134e-16,1.4345149733988275e-16,0.0,1.0,circle
1.0,0.7800806729100817,0.8722569472071531,0.1170571393078282,,0.9999999999999988,0.7804054054054055,8.216691833551213e-17,3.560852770848153e-17,0.0,1.0,circle
1.0,0.8060903625562927,0.8882248288062594,0.1170571393078282,,0.999999999999997,0.8063766891891893,3.160266089827389e-17,1.5260797589349228e-16,0.0,1.0,circle
1.0,0.8325229739853699,0.9041927104053652,0.1170571393078282,,0.9999999999999976,0.8327702702702703,0.0,1.8312957107219076e-16,0.0,1.0,circle
1.0,0.8593785071973113,0.9201605920044712,0.1170571393078282,,0.9999999999999972,0.8595861486486487,8.848745051516691e-17,1.1598206167905414e-16,0.0,1.0,circle
1.0,0.8866569621921191,0.9361284736035766,0.1170571393078282,,0.9999999999999988,0.8868243243243243,6.636558788637517e-17,5.2904098309743985e-17,0.0,1.0,circle
1.0,0.9143583389697916,0.952096355202682,0.1170571393078282,,1.0,0.9144847972972974,2.844239480844651e-17,1.0377342360757476e-16,0.0,1.0,circle
1.0,0.9424826375303288,0.9680642368017878,0.1170571393078282,,0.9999999999999992,0.9425675675675677,1.5801330449136946e-17,5.799103083952707e-17,0.0,1.0,circle
1.0,0.9710298578737314,0.984032118400894,0.1170571393078282,,0.999999999999999,0.9710726351351352,9.796824878464908e-17,4.374761975613445e-17,0.0,1.0,circle
1.0,0.0408133964616637,0.137734393648283,0.1170571393078282,,0.9999999999999984,0.0422297297297297,8.848745051516691e-17,1.0224734384863984e-16,0.0,1.0,circle
1.0,1.0,1.0,0.1170571393078282,,0.999999999999999,1.0,9.796824878464908e-17,1.2717331324457692e-16,0.0,1.0,circle
1.0,0.0473686840960747,0.153702275247389,0.1170571393078282,,0.9999999999999972,0.0487753378378378,8.137685181305528e-17,9.537998493343267e-17,0.0,1.0,circle
1.0,0.054346893513351,0.1696701568464947,0.1170571393078282,,0.999999999999999,0.0557432432432432,8.374705138042583e-17,7.732137445270274e-17,0.0,1.0,circle
1.0,0.0617480247134925,0.1856380384456007,0.1170571393078282,,0.999999999999998,0.0631334459459459,6.794572093128886e-17,9.207347878907367e-17,0.0,1.0,circle
0.0,0.0942310195963433,0.2653044778662708,0.0563057720564433,1.0,0.5594312036413671,0.0810788573977213,0.140402206439478,0.2333755899300232,0.4285714285714285,0.0,equi
0.0,0.0222386475337071,0.1133814317865579,0.0540534348250495,1.0,0.5592077138618129,0.0201639799049572,0.0898930222485116,0.2305454494066239,0.4285714285714285,0.0,equi
0.0,1.0,1.0,0.0836724572250093,1.0,0.4908142794080081,1.0,0.5249473442273176,0.7015751586997192,0.4285714285714285,0.0,equi
0.0,0.3864832725889526,0.5744231066761114,0.0491885607963075,1.0,0.5578446852895027,0.3351563690741266,0.3445638811936292,0.982300086882224,0.4285714285714285,0.0,equi
0.0,0.8074245841293152,0.8501540000102599,0.0652024137684602,1.0,0.5532400062071096,0.716534410062895,0.3798440351803167,0.9818455373309646,0.4285714285714285,0.0,equi
0.0303030303030303,0.1135193514792653,0.2857098207347293,0.1460290464130179,1.0,0.5965013232401433,0.0630312579305446,0.1483656156741075,0.083171502532127,0.2857142857142857,0.0555555555555555,parallelogram
0.0303030303030303,0.0438818230924263,0.2448451392107139,0.2798976780296029,1.0,0.2536082323757425,0.0364202750065386,0.162737416285717,0.1087657378427015,0.2857142857142857,0.0555555555555555,parallelogram
0.0303030303030303,0.198739059293056,0.3673523400042641,0.0997107296508579,1.0,0.675980460899223,0.1259418500711464,0.1729144822863208,0.1504289423117058,0.2857142857142857,0.0555555555555555,parallelogram
0.0303030303030303,0.1107409564413432,0.2729621613246258,0.1071843930773465,1.0,0.6371965503643444,0.0677194071152152,0.1472040491183011,0.1121627788077264,0.2857142857142857,0.0555555555555555,parallelogram
0.0303030303030303,0.0209217768660373,0.1020388368494768,0.1203944697042357,1.0,0.6286092358582326,0.012586740197136,0.1106468479488349,0.0457817060299094,0.2857142857142857,0.0555555555555555,parallelogram
0.0303030303030303,0.0135216338987272,0.1020340201022244,0.2815002063464677,1.0,0.3897870300321029,0.0076429671908953,0.0722962551817062,0.0273083377339879,0.2857142857142857,0.0555555555555555,parallelogram
0.0303030303030303,0.0646008868308221,0.3469348289750562,0.5942428526378233,1.0,0.1741911015976359,0.0340293778164423,0.1950069989650751,0.1209561407843994,0.2857142857142857,0.0555555555555555,parallelogram
0.0303030303030303,0.0410104250536357,0.3673514695549494,0.9999999999999992,1.0,0.0523626270804982,0.0233568564223175,0.2303793286709049,0.1300076810208865,0.2857142857142857,0.0555555555555555,parallelogram
0.0303030303030303,0.148243441959226,0.3469339310115612,0.1844809114761912,1.0,0.5406392684104002,0.0777955070232496,0.3260558537064836,0.2585467357411373,0.2857142857142857,0.0555555555555555,parallelogram
0.0303030303030303,0.0410104250536357,0.3673514695549494,1.0,1.0,0.0523626270804981,0.0233568564223175,0.2852751500826092,0.1312103654675553,0.2857142857142857,0.0555555555555555,parallelogram
0.0606060606060606,0.0397929072114328,0.1526757455074574,0.1106694281991602,,0.850230112008827,0.0472951495963425,6.478545484146147e-17,1.0316299170400078e-16,0.0,0.1388888888888889,pentagon
0.0606060606060606,0.0445651238719488,0.1653987242997456,0.1106694281991602,,0.8502301120088269,0.0526839708421297,6.478545484146147e-17,8.851262601822552e-17,0.0,0.1388888888888889,pentagon
0.0606060606060606,0.0495701315890753,0.1781217030920337,0.1106694281991602,,0.8502301120088269,0.0583356614169798,7.900665224568474e-17,8.851262601822552e-17,0.0,0.1388888888888889,pentagon
0.0606060606060606,0.0548079303628124,0.1908446818843218,0.1106694281991602,,0.850230112008827,0.0642502213208926,7.331817328399543e-17,7.386226033245026e-17,0.0,0.1388888888888889,pentagon
0.0606060606060606,0.06027852019316,0.2035676606766099,0.1106694281991602,,0.8502301120088267,0.0704276505538683,7.616241276484009e-17,1.0316299170400078e-16,0.0,0.1388888888888889,pentagon
0.0606060606060606,0.0659819010801181,0.216290639468898,0.1106694281991602,,0.850230112008827,0.0768679491159067,7.616241276484009e-17,8.851262601822552e-17,0.0,0.1388888888888889,pentagon
0.0606060606060606,0.0719180730236868,0.2290136182611861,0.1106694281991602,,0.850230112008827,0.0835711170070079,7.047393380315078e-17,7.386226033245026e-17,0.0,0.1388888888888889,pentagon
0.0606060606060606,0.078087036023866,0.2417365970534743,0.1106694281991602,,0.8502301120088269,0.090537154227172,7.047393380315078e-17,8.851262601822552e-17,0.0,0.1388888888888889,pentagon
0.0606060606060606,0.0844887900806557,0.2544595758457625,0.1106694281991602,,0.8502301120088268,0.0977660607763988,7.331817328399543e-17,1.0316299170400078e-16,0.0,0.1388888888888889,pentagon
0.0606060606060606,0.091123335194056,0.2671825546380506,0.1106694281991602,,0.850230112008827,0.1052578366546884,5.0564257437238226e-17,1.0316299170400078e-16,0.0,0.1388888888888889,pentagon
0.0606060606060606,0.0979906713640668,0.2799055334303387,0.1106694281991602,,0.8502301120088269,0.1130124818620409,7.616241276484009e-17,1.0316299170400078e-16,0.0,0.1388888888888889,pentagon
0.0606060606060606,0.1050907985906881,0.2926285122226268,0.1106694281991602,,0.850230112008827,0.121029996398456,7.900665224568474e-17,8.851262601822552e-17,0.0,0.1388888888888889,pentagon
0.0606060606060606,0.11242371687392,0.305351491014915,0.1106694281991602,,0.8502301120088269,0.129310380263934,5.625273639892754e-17,1.0316299170400078e-16,0.0,0.1388888888888889,pentagon
0.0606060606060606,0.1199894262137625,0.3180744698072031,0.1106694281991602,,0.8502301120088271,0.1378536334584748,8.469513120737404e-17,1.0316299170400078e-16,0.0,0.1388888888888889,pentagon
0.0606060606060606,0.1277879266102154,0.3307974485994912,0.1106694281991602,,0.8502301120088269,0.1466597559820784,6.194121536061682e-17,1.1781335738977604e-16,0.0,0.1388888888888889,pentagon
0.0606060606060606,0.1358192180632789,0.3435204273917793,0.1106694281991602,,0.850230112008827,0.1557287478347448,7.331817328399543e-17,1.0316299170400078e-16,0.0,0.1388888888888889,pentagon
0.0606060606060606,0.144083300572953,0.3562434061840674,0.1106694281991602,,0.850230112008827,0.1650606090164739,6.194121536061682e-17,8.851262601822552e-17,0.0,0.1388888888888889,pentagon
0.0606060606060606,0.1525801741392375,0.3689663849763556,0.1106694281991602,,0.850230112008827,0.1746553395272659,6.762969432230613e-17,1.0316299170400078e-16,0.0,0.1388888888888889,pentagon
0.0606060606060606,0.1613098387621326,0.3816893637686437,0.1106694281991602,,0.8502301120088269,0.1845129393671207,6.762969432230613e-17,1.0316299170400078e-16,0.0,0.1388888888888889,pentagon
0.0606060606060606,0.1702722944416382,0.3944123425609318,0.1106694281991602,,0.8502301120088269,0.1946334085360382,6.762969432230613e-17,8.851262601822552e-17,0.0,0.1388888888888889,pentagon
0.0606060606060606,0.1794675411777544,0.4071353213532199,0.1106694281991602,,0.850230112008827,0.2050167470340186,5.0564257437238226e-17,1.1781335738977604e-16,0.0,0.1388888888888889,pentagon
0.0606060606060606,0.1888955789704811,0.4198583001455079,0.1106694281991602,,0.8502301120088271,0.2156629548610616,7.331817328399543e-17,1.1781335738977604e-16,0.0,0.1388888888888889,pentagon
0.0606060606060606,0.1985564078198184,0.4325812789377962,0.1106694281991602,,0.8502301120088269,0.2265720320171677,5.0564257437238226e-17,8.851262601822552e-17,0.0,0.1388888888888889,pentagon
0.0606060606060606,0.2084500277257661,0.4453042577300843,0.1106694281991602,,0.8502301120088268,0.2377439785023363,7.331817328399543e-17,8.851262601822552e-17,0.0,0.1388888888888889,pentagon
0.0606060606060606,0.2185764386883244,0.4580272365223724,0.1106694281991602,,0.8502301120088269,0.2491787943165679,7.900665224568474e-17,8.851262601822552e-17,0.0,0.1388888888888889,pentagon
0.0606060606060606,0.2289356407074933,0.4707502153146605,0.1106694281991602,,0.850230112008827,0.2608764794598622,6.194121536061682e-17,1.1781335738977604e-16,0.0,0.1388888888888889,pentagon
0.0606060606060606,0.2395276337832727,0.4834731941069486,0.1106694281991602,,0.850230112008827,0.2728370339322193,6.762969432230613e-17,5.9211894646675e-17,0.0,0.1388888888888889,pentagon
0.0606060606060606,0.2503524179156626,0.4961961728992368,0.1106694281991602,,0.850230112008827,0.2850604577336393,7.331817328399543e-17,8.851262601822552e-17,0.0,0.1388888888888889,pentagon
0.0606060606060606,0.261409993104663,0.5089191516915249,0.1106694281991602,,0.8502301120088267,0.2975467508641218,7.331817328399543e-17,1.1781335738977604e-16,0.0,0.1388888888888889,pentagon
0.0606060606060606,0.272700359350274,0.521642130483813,0.1106694281991602,,0.8502301120088269,0.3102959133236674,5.625273639892754e-17,5.9211894646675e-17,0.0,0.1388888888888889,pentagon
0.0606060606060606,0.2842235166524955,0.5343651092761011,0.1106694281991602,,0.850230112008827,0.3233079451122756,7.331817328399543e-17,8.851262601822552e-17,0.0,0.1388888888888889,pentagon
0.0606060606060606,0.2959794650113276,0.5470880880683893,0.1106694281991602,,0.8502301120088268,0.3365828462299468,5.625273639892754e-17,8.851262601822552e-17,0.0,0.1388888888888889,pentagon
0.0606060606060606,0.3079682044267703,0.5598110668606774,0.1106694281991602,,0.850230112008827,0.3501206166766806,6.194121536061682e-17,5.9211894646675e-17,0.0,0.1388888888888889,pentagon
0.0606060606060606,0.3201897348988233,0.5725340456529655,0.1106694281991602,,0.8502301120088268,0.3639212564524772,6.194121536061682e-17,8.851262601822552e-17,0.0,0.1388888888888889,pentagon
0.0606060606060606,0.332644056427487,0.5852570244452536,0.1106694281991602,,0.8502301120088269,0.3779847655573368,6.194121536061682e-17,8.851262601822552e-17,0.0,0.1388888888888889,pentagon
0.0606060606060606,0.3453311690127612,0.5979800032375419,0.1106694281991602,,0.8502301120088269,0.392311143991259,6.194121536061682e-17,1.1781335738977604e-16,0.0,0.1388888888888889,pentagon
0.0606060606060606,0.3582510726546459,0.61070298202983,0.1106694281991602,,0.8502301120088268,0.4069003917542441,6.762969432230613e-17,1.1781335738977604e-16,0.0,0.1388888888888889,pentagon
0.0606060606060606,0.3714037673531412,0.6234259608221181,0.1106694281991602,,0.8502301120088267,0.4217525088462918,6.194121536061682e-17,1.4711408876132656e-16,0.0,0.1388888888888889,pentagon
0.0606060606060606,0.3847892531082471,0.6361489396144062,0.1106694281991602,,0.850230112008827,0.4368674952674025,2.2121862628791724e-17,1.1781335738977604e-16,0.0,0.1388888888888889,pentagon
0.0606060606060606,0.3984075299199634,0.6488719184066943,0.1106694281991602,,0.8502301120088269,0.452245351017576,7.331817328399543e-17,1.1781335738977604e-16,0.0,0.1388888888888889,pentagon
0.0303030303030303,0.2729123678246018,0.5649002583775927,0.0752263755557676,,0.7282815090173319,0.2129434121621621,0.4243085880640465,0.8041237113402061,0.0,0.0,rectangle
0.0303030303030303,0.0500632504189899,0.2748163419134234,0.5458822260003814,,0.4179296759210698,0.0390625,0.4803493449781659,0.1443298969072165,0.0,0.0,rectangle
0.0303030303030303,0.4121423264222792,0.7023084293343044,0.0958110025556188,,0.7536142003011437,0.3215793918918919,0.5764192139737991,0.8865979381443299,0.0,0.0,rectangle
0.0303030303030303,0.1884813725233864,0.4732948110731182,0.0553284987439766,,0.675506836662651,0.1470650337837837,0.3122270742358078,0.7628865979381443,0.0,0.0,rectangle
0.0303030303030303,0.243889213189809,0.5801678329283384,0.0401237599103542,,0.6057086194556185,0.1902977195945946,0.3122270742358078,0.979381443298969,0.0,0.0,rectangle
0.0303030303030303,0.1484984252293012,0.468205619556203,0.028001903912853,,0.5227750064236619,0.1158678209459459,0.2161572052401747,0.8762886597938144,0.0,0.0,rectangle
0.0303030303030303,0.372429991292621,0.6819516632666434,0.1966915695558189,,0.7121191005891644,0.2905933277027027,0.7605531295487628,0.6082474226804123,0.0,0.0,rectangle
0.0303030303030303,0.1363885308711941,0.4834731941069486,0.5085930880271159,,0.441351414099519,0.1064189189189189,0.7365356622998545,0.2371134020618557,0.0,0.0,rectangle
0.0303030303030303,0.5471777964713386,0.8193598342233551,0.1128013137782707,,0.7603326315430958,0.4269425675675676,0.7125181950509462,0.9484536082474226,0.0,0.0,rectangle
0.0303030303030303,0.1270524111984636,0.4529380450054572,0.4745464837906561,,0.4643508623614084,0.0991342905405405,0.6885007278020379,0.2371134020618557,0.0,0.0,rectangle
0.0303030303030303,0.0358561117865738,0.2697271503965082,0.8087706487119031,,0.2931639000081383,0.0279771959459459,0.5043668122270742,0.1030927835051547,0.0,0.0,rectangle
0.0303030303030303,0.0549342693786754,0.2391920012950167,0.3162596395334307,,0.5944491118534627,0.0428631756756756,0.3842794759825327,0.1958762886597938,0.0,0.0,rectangle
0.0303030303030303,0.1941642279763528,0.5241867262422707,0.3424869279643878,,0.5701469916849476,0.1514991554054054,0.7205240174672489,0.3402061855670104,0.0,0.0,rectangle
0.0303030303030303,0.0468159044458662,0.2137460437104404,0.0399364221358473,,0.6046362560337364,0.0365287162162162,0.1441048034934498,0.4536082474226804,0.0,0.0,rectangle
0.0303030303030303,0.1523546485723855,0.3918677468024741,0.1197761389517122,,0.7604819894482567,0.1188766891891892,0.3922852983988354,0.4948453608247423,0.0,0.0,rectangle
0.0303030303030303,0.1840162718103413,0.5292759177591859,0.0281979169034509,,0.5243594632654446,0.143581081081081,0.240174672489083,0.9690721649484536,0.0,0.0,rectangle
0.0303030303030303,0.0200253001675959,0.1272297879228812,0.3454531093940793,,0.5674649227181913,0.015625,0.2641921397379912,0.1237113402061856,0.0,0.0,rectangle
0.0303030303030303,0.4042269206127902,0.6921300463004739,0.1073895850184631,,0.7592644937262205,0.3154032939189189,0.6004366812227074,0.8350515463917525,0.0,0.0,rectangle
0.0303030303030303,0.285225221306029,0.5852570244452536,0.1948623598866611,,0.7138188709917117,0.2225506756756756,0.6644832605531296,0.5360824742268041,0.0,0.0,rectangle
0.0303030303030303,0.5028650545464217,0.7837354936049484,0.1363922478865585,,0.7563587031473695,0.3923669763513513,0.7445414847161572,0.8350515463917525,0.0,0.0,rectangle
0.0303030303030303,0.1001941538790865,0.3155298740487454,0.0658759695406011,,0.7078257504898166,0.0781777871621621,0.2481804949053857,0.5257731958762887,0.0,0.0,rectangle
0.0303030303030303,0.0411330489928998,0.2595487673626777,0.6282290723580094,,0.3720027440160123,0.0320945945945946,0.4723435225618631,0.1237113402061856,0.0,0.0,rectangle
0.0303030303030303,0.2781893050309277,0.569989449894508,0.07689960610585,,0.7312626589897049,0.2170608108108108,0.4323144104803493,0.8041237113402061,0.0,0.0,rectangle
0.0303030303030303,0.1556019945455092,0.4580272365223724,0.3345771108185436,,0.5773663965353596,0.1214104729729729,0.6404657933042213,0.309278350515464,0.0,0.0,rectangle
0.0303030303030303,0.2914493010878494,0.5801678329283384,0.157560858140858,,0.744575879882206,0.2274070945945946,0.6084425036390102,0.5979381443298969,0.0,0.0,rectangle
0.0303030303030303,0.4194488548618074,0.7073976208512197,0.1327185772565997,,0.7577351432685406,0.3272804054054054,0.6724890829694323,0.7731958762886597,0.0,0.0,rectangle
0.0303030303030303,0.4523282328396846,0.7379327699527112,0.1321162142585701,,0.7579380111484583,0.3529349662162162,0.6965065502183406,0.8041237113402061,0.0,0.0,rectangle
0.0303030303030303,0.4559814970594487,0.7481111529865416,0.0854595013410085,,0.7437565857485342,0.3557854729729729,0.5764192139737991,0.979381443298969,0.0,0.0,rectangle
0.0303030303030303,0.3683031557851096,0.6565057056820671,0.1085823352229951,,0.7595777016348695,0.2873733108108108,0.5764192139737991,0.7938144329896907,0.0,0.0,rectangle
0.0303030303030303,0.305791745802479,0.6056137905129146,0.0719994309234658,,0.7219786112447273,0.2385979729729729,0.440320232896652,0.8659793814432989,0.0,0.0,rectangle
0.0303030303030303,0.0714416114087207,0.3307974485994912,0.5085930880271159,,0.4413514140995191,0.0557432432432432,0.5443959243085881,0.1752577319587629,0.0,0.0,rectangle
0.0303030303030303,0.1108156813328452,0.4122245128701352,0.0228902655652147,,0.4781525499470471,0.0864653716216216,0.1761280931586609,0.8144329896907216,0.0,0.0,rectangle
0.0303030303030303,0.4543578240728869,0.7481111529865416,0.0830696437592789,,0.7407042490452604,0.3545185810810811,0.5684133915574964,0.9896907216494844,0.0,0.0,rectangle
0.0303030303030303,0.0588581457628665,0.4427596619716267,0.0,,0.1743502031828326,0.045924831081081,0.0800582241630277,1.0,0.0,0.0,rectangle
0.0303030303030303,0.1894285150988808,0.5547218753437622,0.4365864767683963,,0.4919605127447624,0.147804054054054,0.8005822416302765,0.2989690721649485,0.0,0.0,rectangle
0.0303030303030303,0.3775039693756267,0.6666840887158977,0.1336009117889249,,0.7574261260318168,0.2945523648648648,0.6404657933042213,0.7319587628865979,0.0,0.0,rectangle
0.0303030303030303,0.1043886424277046,0.3257082570825759,0.2096785465317457,,0.6997513980374263,0.0814505912162162,0.4243085880640465,0.3195876288659794,0.0,0.0,rectangle
0.0303030303030303,0.2405065611344718,0.5496326838268469,0.2445339598210847,,0.6651049430208814,0.1876583614864864,0.6804949053857351,0.443298969072165,0.0,0.0,rectangle
0.0303030303030303,0.4776981232547133,0.7633787275372874,0.0946034648293028,,0.7527214121845254,0.372730152027027,0.616448326055313,0.958762886597938,0.0,0.0,rectangle
0.0303030303030303,0.118257515854587,0.3766001722517285,0.0419138764223084,,0.6156638044073328,0.0922719594594594,0.2241630276564774,0.6804123711340206,0.0,0.0,rectangle
0.0303030303030303,0.2513987007526575,0.5343651092761011,0.1638444539346613,,0.7400890933154294,0.1961570945945946,0.5764192139737991,0.5463917525773196,0.0,0.0,rectangle
0.0303030303030303,0.0230020339762926,0.1119622133721354,0.1301083375984712,,0.758565494451587,0.0179476351351351,0.1761280931586609,0.2061855670103093,0.0,0.0,rectangle
0.0303030303030303,0.5154485201922759,0.7939138766387789,0.1327814745977595,,0.7577135790990456,0.4021853885135135,0.7445414847161572,0.8556701030927835,0.0,0.0,rectangle
0.0303030303030303,0.1450481201328573,0.4122245128701352,0.0498818539883426,,0.654091464713195,0.1131756756756756,0.2641921397379912,0.7010309278350515,0.0,0.0,rectangle
0.0303030303030303,0.0571668197351979,0.2951731079810844,0.5346954846084018,,0.424771032326613,0.044605152027027,0.5043668122270742,0.154639175257732,0.0,0.0,rectangle
0.0303030303030303,0.4303409944799931,0.7226651954019654,0.1538210781547097,,0.7470609819526264,0.3357791385135135,0.7285298398835517,0.7319587628865979,0.0,0.0,rectangle
0.0303030303030303,0.1550607702166553,0.4987407686576944,0.4483567882241485,,0.4831688565939467,0.1209881756756756,0.7365356622998545,0.2680412371134021,0.0,0.0,rectangle
0.0303030303030303,0.0549342693786754,0.2137460437104404,0.1931891293365786,,0.7153628667486213,0.0428631756756756,0.3042212518195051,0.2474226804123711,0.0,0.0,rectangle
0.0303030303030303,0.0602112065850014,0.4122245128701352,0.0024966209788515,,0.2180689368144804,0.0469805743243243,0.0880640465793305,0.9278350515463916,0.0,0.0,rectangle
0.0303030303030303,0.1220460861565646,0.3867785552855589,0.0402853846569875,,0.6066290787150053,0.0952280405405405,0.2241630276564774,0.7010309278350515,0.0,0.0,rectangle
0.0303030303030303,0.0742393609161466,0.2748163419134234,0.2081105364117609,,0.6493970626353865,0.0885685864069312,0.1526073395631301,0.3336178264346149,0.6666666666666666,0.0555555555555555,rhombus
0.0303030303030303,0.2849039751041054,0.6412381311313214,0.2426893451478656,,0.5912248012801933,0.3560674435542933,0.240908618929508,0.6088478411275378,0.6666666666666666,0.0555555555555555,rhombus
0.0303030303030303,0.1648690044742135,0.4580272365223724,0.2269183267969567,,0.6175196808540153,0.2015791793031746,0.2005046461542275,0.4755348581133848,0.6666666666666666,0.0555555555555555,rhombus
0.0303030303030303,0.1665269435603355,0.4173137043870505,0.1420832809067302,,0.747104726428902,0.1534143877734261,0.3373969230923232,0.5177855196249753,0.6666666666666666,0.0555555555555555,rhombus
0.0303030303030303,0.2525805814861917,0.590346215962169,0.2320024966983485,,0.6089777608347205,0.3102364235247533,0.2399735867568278,0.5811809786983797,0.6666666666666666,0.0555555555555555,rhombus
0.0303030303030303,0.4573239796575157,0.7837354936049484,0.1914079336106254,,0.6774960114127959,0.5098679706009382,0.4021501626740543,0.8128739945586447,0.6666666666666666,0.0555555555555555,rhombus
0.0303030303030303,0.0313056897606751,0.1933892776427794,0.3265404958824421,,0.4671825600252575,0.0465020743744805,0.0596337705041567,0.2000493565402772,0.6666666666666666,0.0555555555555555,rhombus
0.0303030303030303,0.0446991659071962,0.183210894608949,0.1535928768234092,,0.7342363955852736,0.0445916755707585,0.1699330830824617,0.2800853642858547,0.6666666666666666,0.0555555555555555,rhombus
0.0303030303030303,0.2718725052984419,0.6819516632666434,0.3095736495063943,,0.4898189374320737,0.3685242601958142,0.1730125102715884,0.5514298404674515,0.6666666666666666,0.0555555555555555,rhombus
0.0303030303030303,0.3332600705970032,0.7226651954019654,0.2664290069536617,,0.5531195099374789,0.4305679595154225,0.2316420959019603,0.6396865968313116,0.6666666666666666,0.0555555555555555,rhombus
0.0303030303030303,0.2749463176517029,0.6005245989959994,0.2081105364117609,,0.6493970626353867,0.3210960155506247,0.2845920656717832,0.622152162810498,0.6666666666666666,0.0555555555555555,rhombus
0.0303030303030303,0.5108547751943912,0.8040922596726094,0.1566316839848753,,0.7303614496657597,0.5031328373118513,0.5281049161896887,0.8862618406157431,0.6666666666666666,0.0555555555555555,rhombus
0.0303030303030303,0.029273150849992,0.1628541285412879,0.2541343763265822,,0.572597819611814,0.0401528307073179,0.0800005953834511,0.2112193772554101,0.6666666666666666,0.0555555555555555,rhombus
0.0303030303030303,0.6080201354766033,0.9058760900109144,0.1800371281816729,,0.6960075638358222,0.6541122415035578,0.4956720667904452,0.9463010474444532,0.6666666666666666,0.0555555555555555,rhombus
0.0303030303030303,0.1831034167790384,0.5394543007930165,0.301628955586306,,0.5008573864806669,0.2476249374223716,0.1477256190958679,0.4592549197397165,0.6666666666666666,0.0555555555555555,rhombus
0.0303030303030303,0.0587371159210285,0.2239244267442709,0.1695162082457922,,0.7122656138284874,0.0624698953114673,0.1727802107940909,0.3119236538059602,0.6666666666666666,0.0555555555555555,rhombus
0.0303030303030303,0.1628479831706234,0.4274920874208809,0.1800371281816729,,0.6960075638358224,0.1766407970655172,0.2603530047788198,0.4970470148193088,0.6666666666666666,0.0555555555555555,rhombus
0.0303030303030303,0.0464883105892079,0.2035676606766099,0.2081105364117609,,0.6493970626353867,0.0564178304315798,0.1237356807268623,0.2705009403523905,0.6666666666666666,0.0555555555555555,rhombus
0.0303030303030303,0.0619411642838241,0.2544595758457625,0.2320024966983485,,0.6089777608347204,0.0783082314876522,0.1235158167130731,0.2991372684476955,0.6666666666666666,0.0555555555555555,rhombus
0.0303030303030303,0.4191680863001782,0.8855193239432534,0.3265404958824421,,0.4671825600252575,0.5740381192984872,0.1994646806518343,0.6691306063588582,0.6666666666666666,0.0555555555555555,rhombus
0.0303030303030303,0.2765152946304929,0.569989449894508,0.1597404074767874,,0.7262255992058453,0.276679693043034,0.3827418338259524,0.6540543498137015,0.6666666666666666,0.0555555555555555,rhombus
0.0303030303030303,0.0462314527036532,0.2341028097781014,0.2940121200998595,,0.5117048401497613,0.0647977907453911,0.0806688584595226,0.2447238495997473,0.6666666666666666,0.0555555555555555,rhombus
0.0303030303030303,0.0272715427873624,0.1323189794397964,0.1661794900786511,,0.717176303035571,0.0294857525523382,0.1272334064214981,0.2255082461318405,0.6666666666666666,0.0555555555555555,rhombus
0.0303030303030303,0.1375880294564118,0.3766001722517285,0.1566316839848753,,0.7303614496657596,0.1365065535405696,0.2788868658529816,0.4680259158307857,0.6666666666666666,0.0555555555555555,rhombus
0.0303030303030303,0.1842923496743803,0.4580272365223724,0.1764412698801973,,0.701679631932296,0.1972202719738074,0.2825235738901698,0.5293497263643927,0.6666666666666666,0.0555555555555555,rhombus
0.0303030303030303,0.0570383915805505,0.2341028097781014,0.2125985417918953,,0.641776187829104,0.0693967745503526,0.1320960698689957,0.2946271992256338,0.6666666666666666,0.0555555555555555,rhombus
0.0303030303030303,0.2297900651792714,0.5190975347253555,0.1729355846451768,,0.7070995322478977,0.2424251789361366,0.3213278630483815,0.5909407202880455,0.6666666666666666,0.0555555555555555,rhombus
0.0303030303030303,0.3230955806131856,0.7226651954019654,0.2796798694443975,,0.5328136035771233,0.4243191658421033,0.2145594102869413,0.6205642357079272,0.6666666666666666,0.0555555555555555,rhombus
0.0303030303030303,0.2844406685540281,0.7226651954019654,0.3356153110979449,,0.4555915269268759,0.3934215418450929,0.1590638748337046,0.5478431066827947,0.6666666666666666,0.0555555555555555,rhombus
0.0303030303030303,0.2940075041568824,0.7124868123681349,0.3095736495063943,,0.4898189374320737,0.3982191837731572,0.1797532574250269,0.5729141199661834,0.6666666666666666,0.0555555555555555,rhombus
0.0303030303030303,0.0181446769651554,0.1017838303383049,0.1837272533648986,,0.6900850557253652,0.021752000709919,0.0975539677819213,0.1897948151448331,0.6666666666666666,0.0555555555555555,rhombus
0.0303030303030303,0.0803529179413918,0.3155298740487454,0.2664290069536617,,0.5531195099374789,0.106389971774164,0.1172509374318565,0.3237919811121454,0.6666666666666666,0.0555555555555555,rhombus
0.0303030303030303,0.4630928974285665,0.7633787275372874,0.1597404074767874,,0.7262255992058452,0.4623864598393585,0.492925089018272,0.8423427232449185,0.6666666666666666,0.0555555555555555,rhombus
0.0303030303030303,0.1742283226239538,0.5089191516915249,0.2796798694443975,,0.5328136035771229,0.2304402862849193,0.1589328965088454,0.4596772116355016,0.6666666666666666,0.0555555555555555,rhombus
0.0303030303030303,0.0677222303262732,0.2544595758457625,0.195407989100173,,0.670833309955534,0.0783192194521007,0.1573705301937447,0.3243071301079469,0.6666666666666666,0.0555555555555555,rhombus
0.0303030303030303,0.0576406482929008,0.2544595758457625,0.2601692187681784,,0.5629636215448143,0.0766004649616894,0.1038658292909844,0.2804134912473607,0.6666666666666666,0.0555555555555555,rhombus
0.0303030303030303,0.3344806856884667,0.7735571105711179,0.3178691271657816,,0.4785928554224939,0.4557143015668849,0.1849631719565245,0.6046583398492255,0.6666666666666666,0.0555555555555555,rhombus
0.0303030303030303,0.1044742990818892,0.3155298740487454,0.1477140329862997,,0.7411989322524367,0.0995633586010735,0.259994051995044,0.4134438312380003,0.6666666666666666,0.0555555555555555,rhombus
0.0303030303030303,0.0425082570246058,0.1933892776427794,0.2125985417918953,,0.6417761878291038,0.0523907858358355,0.1160844250363901,0.2589148114407085,0.6666666666666666,0.0555555555555555,rhombus
0.0303030303030303,0.0466996422942825,0.1933892776427794,0.1729355846451769,,0.7070995322478975,0.0507059588235926,0.1527624266951322,0.2809390309566118,0.6666666666666666,0.0555555555555555,rhombus
0.0303030303030303,0.3290925276884647,0.6208813650636604,0.1420832809067302,,0.7471047264289021,0.3022845045495613,0.4697094419520577,0.7208386645759461,0.6666666666666666,0.0555555555555555,rhombus
0.0303030303030303,0.0511631041573332,0.2137460437104404,0.1995213558977793,,0.6639278368058893,0.0604407694015088,0.1355089079976817,0.2847546623694784,0.6666666666666666,0.0555555555555555,rhombus
0.0303030303030303,0.2616329392463184,0.6819516632666434,0.3265404958824421,,0.4671825600252575,0.3597727789231902,0.1583379423731057,0.531165532882805,0.6666666666666666,0.0555555555555555,rhombus
0.0303030303030303,0.0720394670160882,0.2646379588795929,0.195407989100173,,0.6708333099555341,0.0831644875602236,0.1618668310564231,0.3335730481110311,0.6666666666666666,0.0555555555555555,rhombus
0.0303030303030303,0.5343799902619109,0.8244490257402703,0.1566316839848753,,0.7303614496657598,0.5262395358688647,0.5399724423961986,0.9061778370340744,0.6666666666666666,0.0555555555555555,rhombus
0.0303030303030303,0.5078979542357129,0.8346274087741009,0.195407989100173,,0.670833309955534,0.5723318368422613,0.4136596793664145,0.852464456283746,0.6666666666666666,0.0555555555555555,rhombus
0.0303030303030303,0.4768507122416983,0.8549841748417619,0.2426893451478656,,0.5912248012801933,0.593868340967537,0.3102110983475857,0.7839958502190212,0.6666666666666666,0.0555555555555555,rhombus
0.0303030303030303,0.0513537604741118,0.2442811928119319,0.2796798694443975,,0.532813603577123,0.0704132745869261,0.0900619746883457,0.2604837532601176,0.6666666666666666,0.0555555555555555,rhombus
0.0303030303030303,0.0732584711689619,0.284994724947254,0.2372563429202158,,0.6002119109225131,0.092974747896998,0.1297271103386192,0.3209049245668215,0.6666666666666666,0.0555555555555555,rhombus
0.0303030303030303,0.0890233082933392,0.3664217892178979,0.3265404958824421,,0.4671825600252574,0.1250044620119814,0.0945914980410761,0.3173196689949225,0.6666666666666666,0.0555555555555555,rhombus
0.0303030303030303,0.0311494490604938,0.1628541285412879,0.2320024966983485,,0.6089777608347205,0.0408476320677144,0.0917546067011401,0.2222162565611452,0.6666666666666666,0.0555555555555555,rhombus
0.0303030303030303,0.101566223284252,0.3358866401164064,0.2125985417918953,,0.641776187829104,0.1215119012561307,0.1721251819505095,0.383908168687947,0.6666666666666666,0.0555555555555555,rhombus
0.0303030303030303,0.4511624829518221,0.8549841748417619,0.2664290069536617,,0.553119509937479,0.5816960173251281,0.2688192224047439,0.7423523469400405,0.6666666666666666,0.0555555555555555,rhombus
0.0303030303030303,0.3967481065361952,0.7837354936049484,0.2541343763265822,,0.5725978196118139,0.5034067551805738,0.2676942999369324,0.7067725315854105,0.6666666666666666,0.0555555555555555,rhombus
0.0303030303030303,0.2463844058107014,0.5496326838268469,0.1875159862369771,,0.6839139116542681,0.2725846071094698,0.3039719092246264,0.6027516421559428,0.6666666666666666,0.0555555555555555,rhombus
0.0303030303030303,0.0766217536962362,0.2646379588795929,0.166179490078651,,0.717176303035571,0.0798909464001288,0.199147940485823,0.3529694287280982,0.6666666666666666,0.0555555555555555,rhombus
0.0303030303030303,0.2522883653199774,0.5598110668606774,0.1914079336106254,,0.6774960114127959,0.282275089015978,0.3004570180898107,0.6073196511070335,0.6666666666666666,0.0555555555555555,rhombus
0.0303030303030303,0.0232494229112779,0.1323189794397964,0.2269183267969567,,0.6175196808540153,0.0308957719589103,0.083847397482677,0.1988600315746882,0.6666666666666666,0.0555555555555555,rhombus
0.0303030303030303,0.0852522072947822,0.3664217892178979,0.345123882405061,,0.4438232868683158,0.1215194882170414,0.0861583055180474,0.3048271138719671,0.6666666666666666,0.0555555555555555,rhombus
0.0303030303030303,0.0706051507279015,0.2544595758457625,0.1764412698801973,,0.7016796319322959,0.0767250062739586,0.179787728839199,0.3368589167773409,0.6666666666666666,0.0555555555555555,rhombus
0.0,0.0311852092124198,0.1986397674267649,0.0,1.0,0.2652492286590325,0.0283412156236149,0.0462564038538668,0.1416375447722807,0.2857142857142857,0.0277777777777777,right
0.0,0.1091532225762167,0.3075709059010869,0.0460029280953499,1.0,0.4858786327359543,0.0937683256465096,0.0830431223048627,0.1445185075839913,0.4285714285714285,0.0,right
0.0,0.1581607918961506,0.3772483017848818,0.0460029280953499,1.0,0.4858786327359544,0.1354431370449582,0.1164545585639291,0.1520143968792215,0.4285714285714285,0.0,right
0.0,0.278452098408716,0.5330385818040162,0.0851164093764356,1.0,0.4428383121914286,0.2377358559320596,0.144186738369981,0.1355795026501777,0.2857142857142857,0.0,right
0.0,0.3501835029067752,0.6204489699979346,0.1028988188145693,1.0,0.4122767975088608,0.2987344485022588,0.1544679843242697,0.2858500483838562,0.2857142857142857,0.0,right
0.0303030303030303,0.0,0.0,0.1170571393078282,,0.7605762327905327,0.0,0.0800582241630277,0.1030927835051547,0.0,0.0,square
0.0303030303030303,0.0176574437288599,0.0916054473044744,0.1170571393078282,,0.7605762327905325,0.0137774493243243,0.1521106259097526,0.1958762886597938,0.0,0.0,square
0.0303030303030303,0.0202959123320229,0.1017838303383049,0.1170571393078282,,0.7605762327905327,0.0158361486486486,0.1601164483260553,0.2061855670103093,0.0,0.0,square
0.0303030303030303,0.0230696870173994,0.1119622133721354,0.1170571393078282,,0.7605762327905327,0.0180004222972973,0.1681222707423581,0.2164948453608247,0.0,0.0,square
0.0303030303030303,0.0259787677849893,0.1221405964059659,0.1170571393078282,,0.7605762327905327,0.0202702702702702,0.1761280931586609,0.2268041237113402,0.0,0.0,square
0.0303030303030303,0.0290231546347928,0.1323189794397964,0.1170571393078282,,0.7605762327905327,0.0226456925675675,0.1841339155749636,0.2371134020618557,0.0,0.0,square
0.0303030303030303,0.0322028475668097,0.1424973624736269,0.1170571393078282,,0.7605762327905327,0.0251266891891891,0.1921397379912664,0.2474226804123711,0.0,0.0,square
0.0303030303030303,0.0355178465810401,0.1526757455074574,0.1170571393078282,,0.7605762327905327,0.0277132601351351,0.2001455604075691,0.2577319587628867,0.0,0.0,square
0.0303030303030303,0.038968151677484,0.1628541285412879,0.1170571393078282,,0.7605762327905327,0.0304054054054054,0.2081513828238719,0.2680412371134021,0.0,0.0,square
0.0303030303030303,0.0425537628561414,0.1730325115751184,0.1170571393078282,,0.7605762327905327,0.033203125,0.2161572052401747,0.2783505154639176,0.0,0.0,square
0.0303030303030303,0.0462746801170123,0.183210894608949,0.1170571393078282,,0.7605762327905327,0.0361064189189189,0.2241630276564774,0.2886597938144331,0.0,0.0,square
0.0303030303030303,0.0014207138632416,0.0101783830338304,0.1170571393078282,,0.7605762327905327,0.0011085304054054,0.0880640465793305,0.1134020618556701,0.0,0.0,square
0.0303030303030303,0.0501309034600966,0.1933892776427794,0.1170571393078282,,0.7605762327905327,0.0391152871621621,0.2321688500727802,0.2989690721649485,0.0,0.0,square
0.0303030303030303,0.0541224328853945,0.2035676606766099,0.1170571393078282,,0.7605762327905327,0.0422297297297297,0.240174672489083,0.309278350515464,0.0,0.0,square
0.0303030303030303,0.0582492683929058,0.2137460437104404,0.1170571393078282,,0.7605762327905327,0.0454497466216216,0.2481804949053857,0.3195876288659794,0.0,0.0,square
0.0303030303030303,0.0625114099826306,0.2239244267442709,0.1170571393078282,,0.7605762327905327,0.0487753378378378,0.2561863173216885,0.3298969072164949,0.0,0.0,square
0.0303030303030303,0.0669088576545689,0.2341028097781014,0.1170571393078282,,0.7605762327905327,0.0522065033783783,0.2641921397379912,0.3402061855670104,0.0,0.0,square
0.0303030303030303,0.0714416114087207,0.2442811928119319,0.1170571393078282,,0.7605762327905327,0.0557432432432432,0.272197962154294,0.3505154639175258,0.0,0.0,square
0.0303030303030303,0.076109671245086,0.2544595758457625,0.1170571393078282,,0.7605762327905327,0.0593855574324324,0.2802037845705968,0.3608247422680413,0.0,0.0,square
0.0303030303030303,0.0809130371636648,0.2646379588795929,0.1170571393078282,,0.7605762327905327,0.0631334459459459,0.2882096069868995,0.3711340206185567,0.0,0.0,square
0.0303030303030303,0.085851709164457,0.2748163419134234,0.1170571393078282,,0.7605762327905327,0.0669869087837837,0.2962154294032023,0.3814432989690722,0.0,0.0,square
0.0303030303030303,0.0909256872474627,0.284994724947254,0.1170571393078282,,0.7605762327905325,0.0709459459459459,0.3042212518195051,0.3917525773195877,0.0,0.0,square
0.0303030303030303,0.0029767338086966,0.0203567660676609,0.1170571393078282,,0.7605762327905327,0.0023226351351351,0.0960698689956332,0.1237113402061856,0.0,0.0,square
0.0303030303030303,0.096134971412682,0.2951731079810844,0.1170571393078282,,0.7605762327905325,0.0750105574324324,0.3122270742358078,0.4020618556701031,0.0,0.0,square
0.0303030303030303,0.1014795616601147,0.305351491014915,0.1170571393078282,,0.7605762327905327,0.0791807432432432,0.3202328966521106,0.4123711340206186,0.0,0.0,square
0.0303030303030303,0.1069594579897609,0.3155298740487454,0.1170571393078282,,0.7605762327905327,0.0834565033783783,0.3282387190684134,0.4226804123711341,0.0,0.0,square
0.0303030303030303,0.1125746604016205,0.3257082570825759,0.1170571393078282,,0.7605762327905327,0.0878378378378378,0.3362445414847161,0.4329896907216495,0.0,0.0,square
0.0303030303030303,0.1183251688956937,0.3358866401164064,0.1170571393078282,,0.7605762327905327,0.0923247466216216,0.3442503639010189,0.443298969072165,0.0,0.0,square
0.0303030303030303,0.1242109834719804,0.3460650231502369,0.1170571393078282,,0.7605762327905327,0.0969172297297297,0.3522561863173217,0.4536082474226804,0.0,0.0,square
0.0303030303030303,0.1302321041304805,0.3562434061840674,0.1170571393078282,,0.7605762327905327,0.1016152871621621,0.3602620087336244,0.4639175257731959,0.0,0.0,square
0.0303030303030303,0.1363885308711941,0.3664217892178979,0.1170571393078282,,0.7605762327905327,0.1064189189189189,0.3682678311499272,0.4742268041237114,0.0,0.0,square
0.0303030303030303,0.1426802636941213,0.3766001722517285,0.1170571393078282,,0.7605762327905327,0.111328125,0.37627365356623,0.4845360824742268,0.0,0.0,square
0.0303030303030303,0.1491073025992619,0.3867785552855589,0.1170571393078282,,0.7605762327905327,0.1163429054054054,0.3842794759825327,0.4948453608247423,0.0,0.0,square
0.0303030303030303,0.0046680598363652,0.0305351491014914,0.1170571393078282,,0.7605762327905327,0.0036423141891891,0.104075691411936,0.134020618556701,0.0,0.0,square
0.0303030303030303,0.1556696475866159,0.3969569383193894,0.1170571393078282,,0.7605762327905327,0.1214632601351351,0.3922852983988354,0.5051546391752577,0.0,0.0,square
0.0303030303030303,0.1623672986561835,0.4071353213532199,0.1170571393078282,,0.7605762327905327,0.1266891891891891,0.4002911208151382,0.5154639175257733,0.0,0.0,square
0.0303030303030303,0.1692002558079646,0.4173137043870505,0.1170571393078282,,0.7605762327905327,0.1320206925675675,0.408296943231441,0.5257731958762887,0.0,0.0,square
0.0303030303030303,0.1761685190419591,0.4274920874208809,0.1170571393078282,,0.7605762327905327,0.1374577702702702,0.4163027656477437,0.5360824742268041,0.0,0.0,square
0.0303030303030303,0.1832720883581672,0.4376704704547114,0.1170571393078282,,0.7605762327905327,0.1430004222972972,0.4243085880640465,0.5463917525773196,0.0,0.0,square
0.0303030303030303,0.1905109637565887,0.447848853488542,0.1170571393078282,,0.7605762327905327,0.1486486486486486,0.4323144104803493,0.5567010309278351,0.0,0.0,square
0.0303030303030303,0.1978851452372237,0.4580272365223724,0.1170571393078282,,0.7605762327905328,0.1544024493243243,0.440320232896652,0.5670103092783505,0.0,0.0,square
0.0303030303030303,0.2053946328000722,0.468205619556203,0.1170571393078282,,0.7605762327905327,0.1602618243243243,0.4483260553129548,0.577319587628866,0.0,0.0,square
0.0303030303030303,0.2130394264451341,0.4783840025900334,0.1170571393078282,,0.7605762327905327,0.1662267736486486,0.4563318777292576,0.5876288659793815,0.0,0.0,square
0.0303030303030303,0.2208195261724096,0.4885623856238639,0.1170571393078282,,0.7605762327905327,0.1722972972972972,0.4643377001455603,0.5979381443298969,0.0,0.0,square
0.0303030303030303,0.0064946919462473,0.040713532135322,0.1170571393078282,,0.7605762327905327,0.0050675675675675,0.1120815138282387,0.1443298969072165,0.0,0.0,square
0.0303030303030303,0.2287349319818985,0.4987407686576944,0.1170571393078282,,0.7605762327905327,0.1784733952702702,0.4723435225618631,0.6082474226804123,0.0,0.0,square
0.0303030303030303,0.0084566301383428,0.0508919151691524,0.1170571393078282,,0.7605762327905327,0.0065983952702702,0.1200873362445415,0.154639175257732,0.0,0.0,square
0.0303030303030303,0.0105538744126519,0.0610702982029829,0.1170571393078282,,0.7605762327905327,0.0082347972972972,0.1280931586608443,0.1649484536082474,0.0,0.0,square
0.0303030303030303,0.0127864247691744,0.0712486812368135,0.1170571393078282,,0.7605762327905327,0.0099767736486486,0.136098981077147,0.1752577319587629,0.0,0.0,square
0.0303030303030303,0.0151542812079104,0.0814270642706439,0.1170571393078282,,0.7605762327905327,0.0118243243243243,0.1441048034934498,0.1855670103092783,0.0,0.0,square
0.0,0.0724473649201209,0.2951731079810844,0.1372474133283965,,0.5564500142164807,0.1183347071280153,0.4163027656477437,0.309507360802686,1.0,0.0,triangle
0.0,0.0145904783314298,0.1043284260967626,0.1372474133283965,,0.5564500142164808,0.028047535861426,0.2161572052401747,0.1607057450321639,1.0,0.0,triangle
0.0,0.0459867696824138,0.3333420443579488,0.0234519884189756,,0.2521735379042619,0.0770422623577548,0.1681222707423581,0.5103873729685181,1.0,0.0,triangle
0.0,0.1185756658558071,0.419858300145508,0.0781577159434349,,0.4993187658616371,0.1903191164590065,0.408296943231441,0.4993471251532133,1.0,0.0,triangle
0.0,0.1611566060079319,0.4860177898654063,0.0976229037130106,,0.5337893793013359,0.2567677773338683,0.5203784570596798,0.5248965132236639,1.0,0.0,triangle
0.0,0.2074439249920185,0.569989449894508,0.087532190548433,,0.5183913957076519,0.3290003384513956,0.5604075691411936,0.6217557596095472,1.0,0.0,triangle
0.0,0.1774377644161379,0.5140083432084402,0.0973678446775842,,0.5334592898243168,0.2821749470640745,0.5443959243085881,0.55038631465351,1.0,0.0,triangle
0.0,0.0387385960350954,0.2951731079810844,0.0253529619574335,,0.2659671607695614,0.0657312994966226,0.1601164483260553,0.4622727620838553,1.0,0.0,triangle
0.0,0.0397626875823048,0.216290639468898,0.0777287693891096,,0.4983242986996862,0.0673294209021675,0.2481804949053857,0.3049525661391555,1.0,0.0,triangle
0.0,0.0411663354080619,0.216290639468898,0.0868480151967082,,0.517163606360987,0.069519849719104,0.2641921397379912,0.2951127841463517,1.0,0.0,triangle
0.0,0.0751320187156337,0.338431235874864,0.0603426239880045,,0.4476984479970435,0.1225241789665215,0.2962154294032023,0.4497256517770564,1.0,0.0,triangle
0.0,0.2200922805692363,0.569989449894508,0.1372474133283965,,0.5564500142164808,0.3487384251956658,0.7045123726346434,0.5237816875122379,1.0,0.0,triangle
0.0,0.0154581985876586,0.1195960006475083,0.0741511450922078,,0.4895855094532338,0.0294016358139963,0.1681222707423581,0.2150170475733424,1.0,0.0,triangle
0.0,0.0987734400158449,0.4274920874208809,0.0501697480682832,,0.3854188603972475,0.1594172297297297,0.2081513828238719,0.5498281786941581,0.6666666666666666,0.0,triangle
0.0,0.0947142575494403,0.4071353213532199,0.2312551243509538,,0.4058819898005177,0.1530827702702702,0.4002911208151382,0.2749140893470791,0.6666666666666666,0.0,triangle
0.0,0.0443803949660235,0.3257082570825759,0.4340148120805849,,0.2538701713762256,0.0745354729729729,0.3842794759825327,0.1443298969072165,0.6666666666666666,0.0,triangle
0.0,0.0423508037328212,0.2341028097781014,0.0844291435812209,,0.4649976969655203,0.0713682432432432,0.1761280931586609,0.302405498281787,0.6666666666666666,0.0,triangle
0.0,0.043974476719383,0.2799055334303387,0.0409251492790778,,0.3467662826355152,0.073902027027027,0.1334303736050461,0.4123711340206186,0.6666666666666666,0.0,triangle
0.0,0.0825367101502266,0.3460650231502369,0.1004465233015554,,0.4784330849575661,0.1340793918918918,0.2561863173216885,0.3780068728522336,0.6666666666666666,0.0,triangle
0.0,0.0297673380869669,0.2035676606766099,0.2312551243509538,,0.4058819898005177,0.0517314189189189,0.240174672489083,0.1649484536082474,0.6666666666666666,0.0,triangle
0.0,0.0845663013834289,0.3562434061840674,0.1605611336099713,,0.4649976969655203,0.1372466216216216,0.3202328966521106,0.309278350515464,0.6666666666666666,0.0,triangle
0.0,0.0500632504189899,0.2544595758457625,0.1108422829789506,,0.4818878990126637,0.0834037162162162,0.2134885977680738,0.2886597938144331,0.6666666666666666,0.0,triangle
0.0,0.0755233006628108,0.3028068952564573,0.1372474133283965,,0.5564500142164808,0.123134784587758,0.4243085880640465,0.3154594254335069,1.0,0.0,triangle
0.0,0.058181615351799,0.305351491014915,0.2312551243509538,,0.4058819898005176,0.0960726351351351,0.3202328966521106,0.2199312714776632,0.6666666666666666,0.0,triangle
0.0,0.027739798769181,0.358788001942525,1.0,,0.0947188912956238,0.0485673912563854,0.668381226523614,0.0787722043291992,0.6666666666666666,0.0277777777777777,triangle
0.0,0.0408497471897265,0.2315582140196438,0.0845015890680634,,0.4557139830147544,0.0713841034093917,0.165370269286754,0.302324927243723,0.6666666666666666,0.0277777777777777,triangle
0.0,0.0510200569064203,0.3664217892178979,0.4053666066522822,,0.2317796020194566,0.1082066799503698,0.7955684942584506,0.1778908351965599,0.6666666666666666,0.0277777777777777,triangle
0.0,0.1951675232400686,0.5521772795853046,0.0906327507659019,,0.5150021997742597,0.3098426952931065,0.6251116314719883,0.594617263771364,1.0,0.0,triangle
0.0,0.0195168357356531,0.1475865539905422,0.2420365105813697,,0.4477395060393494,0.0357352442899414,0.3808581843516341,0.1369228069131466,1.0,0.0,triangle
0.0,0.0171536579565608,0.1526757455074574,0.3603030843653164,,0.3754540342476324,0.0320474441082425,0.3439538519596744,0.1079964537894689,0.6666666666666666,0.0277777777777777,triangle
0.0,0.068618521862687,0.3918677468024741,0.3383967030849604,,0.2938911417186685,0.1310583968886239,0.3231980160655561,0.2127283432941446,0.6666666666666666,0.0277777777777777,triangle
0.0,0.079339489350917,0.399501534077847,0.1420788142671586,,0.3391284456434839,0.20526242017512,0.602802037845706,0.397607283757693,0.6666666666666666,0.0277777777777777,triangle
0.0,0.0156429147944072,0.3893231510440166,0.7892847785221703,,0.0,0.0717789295475224,0.7352323888832469,0.1058811285477659,0.6666666666666666,0.0277777777777777,triangle
0.0,0.0786578256577424,0.3104406825318302,0.1372474133283965,,0.5564500142164808,0.1280262920943529,0.4323144104803493,0.3214114900643278,1.0,0.0,triangle
0.0,0.1188878676777076,0.4936515771407792,0.3308987737310961,,0.3550881937349285,0.1908063154948631,1.0,0.2578801652771486,1.0,0.0,triangle
0.0,0.0732462518291028,0.3766001722517285,0.357552669827617,,0.3485893696473062,0.1195813908579342,0.8013632974757693,0.1982524405676562,0.6666666666666666,0.0277777777777777,triangle
0.0,0.1739572309043917,0.5089191516915249,0.1672177623207797,,0.5318265957965461,0.276743484297885,0.5929273439174932,0.4269662404330803,1.0,0.0,triangle
0.0,0.0265060280102282,0.2417365970534743,0.2630043463971315,,0.2566913379725952,0.078191142779414,0.5010310528869482,0.187779149436378,0.6666666666666666,0.0277777777777777,triangle
0.0,0.0546984587760573,0.3435204273917793,0.4462388493248312,,0.294731834124269,0.0906370790095863,0.7577177341096555,0.1561021327111344,0.6666666666666666,0.0277777777777777,triangle
0.0,0.0702907672453864,0.3257082570825759,0.275358696810888,,0.4463928505720802,0.1149692805540602,0.6303927397475586,0.2205099511946293,0.6666666666666666,0.0277777777777777,triangle
0.0,0.0944241341829481,0.3536988104256098,0.1597075696929764,,0.5361424178345132,0.1526300252363878,0.5731575826190092,0.3263430096632447,1.0,0.0,triangle
0.0,0.0495584428702666,0.284994724947254,0.1414279300369889,,0.3850880934808895,0.1149981967494452,0.1280931586608443,0.3011532962227718,0.6666666666666666,0.0277777777777777,triangle
0.0,0.1360105999239441,0.4453042577300843,0.155868266419706,,0.5215867243642494,0.2175267830142833,0.7093807781580708,0.3920151739038343,1.0,0.0,triangle
0.0,0.0554422098068803,0.3307974485994912,0.41831675936145,,0.3252512845543125,0.0917977217724263,0.6874059144801503,0.1620421218835885,0.6666666666666666,0.0277777777777777,triangle
0.0,0.0213868315914685,0.1348635751982541,0.1372474133283965,,0.5564500142164808,0.0386534212962861,0.2481804949053857,0.1845140035554474,1.0,0.0,triangle
0.0,0.1530634269252517,0.4732948110731182,0.1861130695684305,,0.5300837710779173,0.244138161586934,0.6229471701344294,0.3820459537580657,1.0,0.0,triangle
0.0,0.2861809570978879,0.6615948971989825,0.1372474133283965,,0.5564500142164808,0.4518715180449951,0.8005822416302765,0.5952064630820884,1.0,0.0,triangle
0.0,0.1669225341598822,0.4860177898654063,0.1372474133283965,,0.5564500142164807,0.2657656576772559,0.616448326055313,0.458308976573208,1.0,0.0,triangle
0.0,0.0986953499244081,0.3562434061840674,0.1372474133283965,,0.5564500142164808,0.1592953681178198,0.4803493449781659,0.357123877849253,1.0,0.0,triangle
0.0,0.0952092894160262,0.3486096189086946,0.1372474133283965,,0.5564500142164808,0.1538552803301114,0.4723435225618631,0.3511718132184322,1.0,0.0,triangle
